site=google.com,rank=1,r_time=0.004239191908467739,r_time_eq2=0.0000050773768327569016,case=0,label=fg,r_bg=0.2164875098451698,r_np=1.1571678044064428
site=www.google.com,rank=2,r_time=0.004256844193636031,r_time_eq2=6.362094264165952e-7,case=0,label=fg,r_bg=0.2164875098451698,r_np=1.1571678044064428
site=microsoft.com,rank=3,r_time=0.004274028509933069,r_time_eq2=0.000001275817270923034,case=0,label=fg,r_bg=0.2164875098451698,r_np=1.1571678044064428
site=data.microsoft.com,rank=4,r_time=0.004290541392452777,r_time_eq2=0.000001279325768089071,case=0,label=fg,r_bg=0.2164875098451698,r_np=1.1571678044064428
site=events.data.microsoft.com,rank=5,r_time=0.004308010172729562,r_time_eq2=6.419582337292368e-7,case=0,label=fg,r_bg=0.2164875098451698,r_np=1.1571678044064428
site=live.com,rank=6,r_time=0.004330974069250869,r_time_eq2=6.480581194756312e-7,case=0,label=fg,r_bg=0.2164875098451698,r_np=1.1571678044064428
site=windowsupdate.com,rank=7,r_time=0.004353562961669212,r_time_eq2=6.509210108706549e-7,case=0,label=fg,r_bg=0.2164875098451698,r_np=1.1571678044064428
site=ctldl.windowsupdate.com,rank=8,r_time=0.00437668142203424,r_time_eq2=0.0000013054076343287892,case=0,label=fg,r_bg=0.2164875098451698,r_np=1.1571678044064428
site=safebrowsing.googleapis.com,rank=9,r_time=0.0044031609759912415,r_time_eq2=0.000001311271209524492,case=0,label=fg,r_bg=0.2164875098451698,r_np=1.1571678044064428
site=apple.com,rank=10,r_time=0.004425688937243553,r_time_eq2=6.576418539811039e-7,case=0,label=fg,r_bg=0.2164875098451698,r_np=1.1571678044064428
site=netflix.com,rank=11,r_time=0.004450218129723816,r_time_eq2=0,case=0,label=fg,r_bg=0.2164875098451698,r_np=1.1571678044064428
site=microsoftonline.com,rank=12,r_time=0.004472198047410299,r_time_eq2=6.618669456289248e-7,case=0,label=fg,r_bg=0.2164875098451698,r_np=1.1571678044064428
site=doubleclick.net,rank=13,r_time=0.004495339960269812,r_time_eq2=6.643584681328966e-7,case=0,label=fg,r_bg=0.2164875098451698,r_np=1.1571678044064428
site=login.microsoftonline.com,rank=14,r_time=0.004519366071246344,r_time_eq2=6.691216767487442e-7,case=0,label=fg,r_bg=0.2164875098451698,r_np=1.1571678044064428
site=clientservices.googleapis.com,rank=15,r_time=0.004544322445847212,r_time_eq2=0.0000013507466402727838,case=0,label=fg,r_bg=0.2164875098451698,r_np=1.1571678044064428
site=g.doubleclick.net,rank=16,r_time=0.004570245390455432,r_time_eq2=6.938587543680204e-7,case=0,label=fg,r_bg=0.2164875098451698,r_np=1.1571678044064428
site=bing.com,rank=17,r_time=0.004595618855553566,r_time_eq2=0.0000014258322773185262,case=0,label=fg,r_bg=0.2164875098451698,r_np=1.1571678044064428
site=facebook.com,rank=18,r_time=0.004620625760105223,r_time_eq2=7.174190128762878e-7,case=0,label=fg,r_bg=0.2164875098451698,r_np=1.1571678044064428
site=googleusercontent.com,rank=19,r_time=0.004648122594093336,r_time_eq2=7.219405808624853e-7,case=0,label=fg,r_bg=0.2164875098451698,r_np=1.1571678044064428
site=amazonaws.com,rank=20,r_time=0.00467544411700332,r_time_eq2=7.238238868573061e-7,case=0,label=fg,r_bg=0.2164875098451698,r_np=1.1571678044064428
site=officeapps.live.com,rank=21,r_time=0.0047049713773351255,r_time_eq2=7.258424015424492e-7,case=0,label=fg,r_bg=0.2164875098451698,r_np=1.1571678044064428
site=cloud.netflix.com,rank=22,r_time=0.004729474608284393,r_time_eq2=7.277456111754677e-7,case=0,label=fg,r_bg=0.2164875098451698,r_np=1.1571678044064428
site=prod.cloud.netflix.com,rank=23,r_time=0.004760340244600853,r_time_eq2=7.299405744891497e-7,case=0,label=fg,r_bg=0.2164875098451698,r_np=1.1571678044064428
site=office.com,rank=24,r_time=0.00479560428016262,r_time_eq2=0.0000014636793120416164,case=0,label=fg,r_bg=0.2164875098451698,r_np=1.1571678044064428
site=update.googleapis.com,rank=25,r_time=0.0048266678899036375,r_time_eq2=7.33859024654366e-7,case=0,label=fg,r_bg=0.2164875098451698,r_np=1.1571678044064428
site=ftl.netflix.com,rank=26,r_time=0.0048645968521591355,r_time_eq2=0.0000014724975663842956,case=0,label=fg,r_bg=0.2164875098451698,r_np=1.1571678044064428
site=prod.ftl.netflix.com,rank=27,r_time=0.004898115079646778,r_time_eq2=0.0000014768741517227363,case=0,label=fg,r_bg=0.2164875098451698,r_np=1.1571678044064428
site=settings-win.data.microsoft.com,rank=28,r_time=0.004929775928756242,r_time_eq2=7.416083986648986e-7,case=0,label=fg,r_bg=0.2164875098451698,r_np=1.1571678044064428
site=www.googleapis.com,rank=29,r_time=0.004961403609515192,r_time_eq2=7.542163231484446e-7,case=0,label=fg,r_bg=0.2164875098451698,r_np=1.1571678044064428
site=nrdp.prod.cloud.netflix.com,rank=30,r_time=0.004995703949153357,r_time_eq2=0.0000015279603264023143,case=0,label=fg,r_bg=0.2164875098451698,r_np=1.1571678044064428
site=google-analytics.com,rank=31,r_time=0.005030639983500909,r_time_eq2=0,case=0,label=fg,r_bg=0.2164875098451698,r_np=1.1571678044064428
site=play.google.com,rank=32,r_time=0.005070595637302401,r_time_eq2=7.749051233891238e-7,case=0,label=fg,r_bg=0.2164875098451698,r_np=1.1571678044064428
site=icloud.com,rank=33,r_time=0.005103534522005838,r_time_eq2=7.769750805032261e-7,case=0,label=fg,r_bg=0.2164875098451698,r_np=1.1571678044064428
site=itunes.apple.com,rank=34,r_time=0.005140930449688461,r_time_eq2=0,case=0,label=fg,r_bg=0.2164875098451698,r_np=1.1571678044064428
site=skype.com,rank=35,r_time=0.005177203767167786,r_time_eq2=0,case=0,label=fg,r_bg=0.2164875098451698,r_np=1.1571678044064428
site=self.events.data.microsoft.com,rank=36,r_time=0.00521591128847398,r_time_eq2=0.0000023778223875147863,case=0,label=fg,r_bg=0.2164875098451698,r_np=1.1571678044064428
site=www.google-analytics.com,rank=37,r_time=0.005252108136261256,r_time_eq2=0.0000016020178024744122,case=0,label=fg,r_bg=0.2164875098451698,r_np=1.1571678044064428
site=office365.com,rank=38,r_time=0.005286521106296626,r_time_eq2=8.242070569867348e-7,case=0,label=fg,r_bg=0.2164875098451698,r_np=1.1571678044064428
site=googleads.g.doubleclick.net,rank=39,r_time=0.005324582824007267,r_time_eq2=8.575420268647647e-7,case=0,label=fg,r_bg=0.2164875098451698,r_np=1.1571678044064428
site=ls.apple.com,rank=40,r_time=0.005365121271463211,r_time_eq2=8.736328424128167e-7,case=0,label=fg,r_bg=0.2164875098451698,r_np=1.1571678044064428
site=lencr.org,rank=41,r_time=0.005407333855679735,r_time_eq2=0,case=0,label=fg,r_bg=0.2164875098451698,r_np=1.1571678044064428
site=com.akadns.net,rank=42,r_time=0.005450906597916342,r_time_eq2=8.788669813621783e-7,case=0,label=fg,r_bg=0.2164875098451698,r_np=1.1571678044064428
site=mp.microsoft.com,rank=43,r_time=0.0055036903784323995,r_time_eq2=8.821604618773528e-7,case=0,label=fg,r_bg=0.2164875098451698,r_np=1.1571678044064428
site=v10.events.data.microsoft.com,rank=44,r_time=0.005557612317172809,r_time_eq2=0.000002662492780750611,case=0,label=fg,r_bg=0.2164875098451698,r_np=1.1571678044064428
site=apple-dns.net,rank=45,r_time=0.005609802205943257,r_time_eq2=8.915535480573339e-7,case=0,label=fg,r_bg=0.2164875098451698,r_np=1.1571678044064428
site=nrdp-ipv6.prod.ftl.netflix.com,rank=46,r_time=0.005669841111279559,r_time_eq2=8.948287638944215e-7,case=0,label=fg,r_bg=0.2164875098451698,r_np=1.1571678044064428
site=outlook.office365.com,rank=47,r_time=0.005719990294100485,r_time_eq2=8.97965425232472e-7,case=0,label=fg,r_bg=0.2164875098451698,r_np=1.1571678044064428
site=fonts.googleapis.com,rank=48,r_time=0.005767528787423625,r_time_eq2=9.029071238771335e-7,case=0,label=fg,r_bg=0.2164875098451698,r_np=1.1571678044064428
site=teams.microsoft.com,rank=49,r_time=0.005840869839523896,r_time_eq2=9.058272688220105e-7,case=0,label=fg,r_bg=0.2164875098451698,r_np=1.1571678044064428
site=netflix.net,rank=50,r_time=0.005899410088130969,r_time_eq2=9.098604625148772e-7,case=0,label=fg,r_bg=0.2164875098451698,r_np=1.1571678044064428
site=partner.netflix.net,rank=51,r_time=0.005967526437313101,r_time_eq2=9.134775700562385e-7,case=0,label=fg,r_bg=0.2164875098451698,r_np=1.1571678044064428
site=prod.partner.netflix.net,rank=52,r_time=0.006043796804385701,r_time_eq2=9.176120069149171e-7,case=0,label=fg,r_bg=0.2164875098451698,r_np=1.1571678044064428
site=fe.apple-dns.net,rank=53,r_time=0.006114541023324183,r_time_eq2=0,case=0,label=fg,r_bg=0.2164875098451698,r_np=1.1571678044064428
site=preapp.prod.partner.netflix.net,rank=54,r_time=0.006239431458960376,r_time_eq2=0.0000018515596821592632,case=0,label=fg,r_bg=0.2164875098451698,r_np=1.1571678044064428
site=prod.netflix.com,rank=55,r_time=0.006306938064171173,r_time_eq2=9.365319838611822e-7,case=0,label=fg,r_bg=0.2164875098451698,r_np=1.1571678044064428
site=push.prod.netflix.com,rank=56,r_time=0.006370348921193066,r_time_eq2=0,case=0,label=fg,r_bg=0.2164875098451698,r_np=1.1571678044064428
site=mtalk.google.com,rank=57,r_time=0.006430813474861296,r_time_eq2=0,case=0,label=fg,r_bg=0.2164875098451698,r_np=1.1571678044064428
site=aaplimg.com,rank=58,r_time=0.006496676399973902,r_time_eq2=9.4980955236117e-7,case=0,label=fg,r_bg=0.2164875098451698,r_np=1.1571678044064428
site=youtube.com,rank=59,r_time=0.0065676769915903755,r_time_eq2=9.53089283977627e-7,case=0,label=fg,r_bg=0.2164875098451698,r_np=1.1571678044064428
site=gateway.icloud.com,rank=60,r_time=0.006641970617374997,r_time_eq2=9.564694987105636e-7,case=0,label=fg,r_bg=0.2164875098451698,r_np=1.1571678044064428
site=digicert.com,rank=61,r_time=0.006723030000349742,r_time_eq2=0,case=0,label=fg,r_bg=0.2164875098451698,r_np=1.1571678044064428
site=msn.com,rank=62,r_time=0.006805678879257783,r_time_eq2=9.634750012396275e-7,case=0,label=fg,r_bg=0.2164875098451698,r_np=1.1571678044064428
site=googletagmanager.com,rank=63,r_time=0.006893032191100204,r_time_eq2=0,case=0,label=fg,r_bg=0.2164875098451698,r_np=1.1571678044064428
site=www.googletagmanager.com,rank=64,r_time=0.006985323940135097,r_time_eq2=9.824358771668275e-7,case=0,label=fg,r_bg=0.2164875098451698,r_np=1.1571678044064428
site=nexusrules.officeapps.live.com,rank=65,r_time=0.007076251822864123,r_time_eq2=9.88735673013875e-7,case=0,label=fg,r_bg=0.2164875098451698,r_np=1.1571678044064428
site=gateway.fe.apple-dns.net,rank=66,r_time=0.0071497535123190795,r_time_eq2=9.929509177297843e-7,case=0,label=fg,r_bg=0.2164875098451698,r_np=1.1571678044064428
site=office.net,rank=67,r_time=0.007235927983184822,r_time_eq2=0,case=0,label=fg,r_bg=0.2164875098451698,r_np=1.1571678044064428
site=g.aaplimg.com,rank=68,r_time=0.007328349859108944,r_time_eq2=0,case=0,label=fg,r_bg=0.2164875098451698,r_np=1.1571678044064428
site=clients4.google.com,rank=69,r_time=0.007435760949494387,r_time_eq2=0.0000010412197312860955,case=0,label=fg,r_bg=0.2164875098451698,r_np=1.1571678044064428
site=optimizationguide-pa.googleapis.com,rank=70,r_time=0.007533325090206909,r_time_eq2=0.000009550377379232385,case=0,label=fg,r_bg=0.2164875098451698,r_np=1.1571678044064428
site=init.itunes.apple.com,rank=71,r_time=0.0076426809786116325,r_time_eq2=0.0000010717768508190865,case=0,label=fg,r_bg=0.2164875098451698,r_np=1.1571678044064428
site=www.bing.com,rank=72,r_time=0.007754267601182351,r_time_eq2=0.0000032356800218472037,case=0,label=fg,r_bg=0.2164875098451698,r_np=1.1571678044064428
site=login.live.com,rank=73,r_time=0.007860838887568278,r_time_eq2=0,case=0,label=fg,r_bg=0.2164875098451698,r_np=1.1571678044064428
site=edge.microsoft.com,rank=74,r_time=0.007959293342763636,r_time_eq2=0.0000011047054232572645,case=0,label=fg,r_bg=0.2164875098451698,r_np=1.1571678044064428
site=lh3.googleusercontent.com,rank=75,r_time=0.008083671885829473,r_time_eq2=0,case=0,label=fg,r_bg=0.2164875098451698,r_np=1.1571678044064428
site=config.teams.microsoft.com,rank=76,r_time=0.008753700989604573,r_time_eq2=0,case=0,label=fg,r_bg=0.2164875098451698,r_np=1.1571678044064428
site=play.googleapis.com,rank=77,r_time=0.00891071254681762,r_time_eq2=0.000001125892843414893,case=0,label=fg,r_bg=0.2164875098451698,r_np=1.1571678044064428
site=dsp.mp.microsoft.com,rank=78,r_time=0.00910842732593877,r_time_eq2=0.000001131489615232027,case=0,label=fg,r_bg=0.2164875098451698,r_np=1.1571678044064428
site=c.lencr.org,rank=79,r_time=0.00928430770054531,r_time_eq2=0.0000022730466814401377,case=0,label=fg,r_bg=0.2164875098451698,r_np=1.1571678044064428
site=content-autofill.googleapis.com,rank=80,r_time=0.009436138807239763,r_time_eq2=0.000001141205064821753,case=0,label=fg,r_bg=0.2164875098451698,r_np=1.1571678044064428
site=x1.c.lencr.org,rank=81,r_time=0.009634304316926143,r_time_eq2=0,case=0,label=fg,r_bg=0.2164875098451698,r_np=1.1571678044064428
site=substrate.office.com,rank=82,r_time=0.009805480595985303,r_time_eq2=0.0000011510861513286743,case=0,label=fg,r_bg=0.2164875098451698,r_np=1.1571678044064428
site=do.dsp.mp.microsoft.com,rank=83,r_time=0.009958150298801406,r_time_eq2=0.000001156288982577837,case=0,label=fg,r_bg=0.2164875098451698,r_np=1.1571678044064428
site=prod.do.dsp.mp.microsoft.com,rank=84,r_time=0.010132282158873983,r_time_eq2=0.0000011617603667164106,case=0,label=fg,r_bg=0.2164875098451698,r_np=1.1571678044064428
site=push.apple.com,rank=85,r_time=0.010300505864874325,r_time_eq2=0.000001172877509630243,case=0,label=fg,r_bg=0.2164875098451698,r_np=1.1571678044064428
site=time.apple.com,rank=86,r_time=0.010455269642332827,r_time_eq2=0.000001181353127332724,case=0,label=fg,r_bg=0.2164875098451698,r_np=1.1571678044064428
site=outlook.office.com,rank=87,r_time=0.01062377873405726,r_time_eq2=0.0000023805433614709405,case=0,label=fg,r_bg=0.2164875098451698,r_np=1.1571678044064428
site=edge.skype.com,rank=88,r_time=0.01081057603806144,r_time_eq2=0.0000011980858650317043,case=0,label=fg,r_bg=0.2164875098451698,r_np=1.1571678044064428
site=config.edge.skype.com,rank=89,r_time=0.011037697123910388,r_time_eq2=0,case=0,label=fg,r_bg=0.2164875098451698,r_np=1.1571678044064428
site=dsce9.akamaiedge.net,rank=90,r_time=0.011234860324021248,r_time_eq2=0.0000012114314736273337,case=0,label=fg,r_bg=0.2164875098451698,r_np=1.1571678044064428
site=accounts.google.com,rank=91,r_time=0.011463927022680655,r_time_eq2=0,case=0,label=fg,r_bg=0.2164875098451698,r_np=1.1571678044064428
site=www.youtube.com,rank=92,r_time=0.011702938378476212,r_time_eq2=0,case=0,label=fg,r_bg=0.2164875098451698,r_np=1.1571678044064428
site=opendns.com,rank=93,r_time=0.012009158240875936,r_time_eq2=0,case=0,label=fg,r_bg=0.2164875098451698,r_np=1.1571678044064428
site=adservice.google.com,rank=94,r_time=0.012398780352171622,r_time_eq2=0,case=0,label=fg,r_bg=0.2164875098451698,r_np=1.1571678044064428
site=ocsp.digicert.com,rank=95,r_time=0.012678657624019731,r_time_eq2=0.0000012853557394793163,case=0,label=fg,r_bg=0.2164875098451698,r_np=1.1571678044064428
site=graph.microsoft.com,rank=96,r_time=0.012966616157235253,r_time_eq2=0.0000012917514445452278,case=0,label=fg,r_bg=0.2164875098451698,r_np=1.1571678044064428
site=googlesyndication.com,rank=97,r_time=0.013316047504223006,r_time_eq2=0.000002602408889136803,case=0,label=fg,r_bg=0.2164875098451698,r_np=1.1571678044064428
site=app-measurement.com,rank=98,r_time=0.013697306308457906,r_time_eq2=0.0000013091648559205673,case=0,label=fg,r_bg=0.2164875098451698,r_np=1.1571678044064428
site=bag.itunes.apple.com,rank=99,r_time=0.01404695257041091,r_time_eq2=0.0000013178011190036995,case=0,label=fg,r_bg=0.2164875098451698,r_np=1.1571678044064428
site=windows.net,rank=100,r_time=0.01442587681895212,r_time_eq2=0,case=0,label=fg,r_bg=0.2164875098451698,r_np=1.1571678044064428
site=e673.dsce9.akamaiedge.net,rank=101,r_time=0.014856706919756492,r_time_eq2=0,case=0,label=fg,r_bg=0.2164875098451698,r_np=1.1571678044064428
site=stats.g.doubleclick.net,rank=102,r_time=0.015315766211622535,r_time_eq2=0.000001353627366187713,case=0,label=fg,r_bg=0.2164875098451698,r_np=1.1571678044064428
site=yahoo.com,rank=103,r_time=0.015824917130228218,r_time_eq2=0.0000027242843676148757,case=0,label=fg,r_bg=0.2164875098451698,r_np=1.1571678044064428
site=ytimg.com,rank=104,r_time=0.016396840661601103,r_time_eq2=0.000004108014755451632,case=0,label=fg,r_bg=0.2164875098451698,r_np=1.1571678044064428
site=i.ytimg.com,rank=105,r_time=0.017036689528003416,r_time_eq2=0,case=0,label=fg,r_bg=0.2164875098451698,r_np=1.1571678044064428
site=teams.events.data.microsoft.com,rank=106,r_time=0.0176421010774436,r_time_eq2=0.000012464510956919854,case=0,label=fg,r_bg=0.2164875098451698,r_np=1.1571678044064428
site=sharepoint.com,rank=107,r_time=0.018369034901419685,r_time_eq2=0.0000013933266314395894,case=0,label=fg,r_bg=0.2164875098451698,r_np=1.1571678044064428
site=time.g.aaplimg.com,rank=108,r_time=0.019400956264937156,r_time_eq2=0,case=0,label=fg,r_bg=0.2164875098451698,r_np=1.1571678044064428
site=pagead2.googlesyndication.com,rank=109,r_time=0.020548352054660372,r_time_eq2=0,case=0,label=fg,r_bg=0.2164875098451698,r_np=1.1571678044064428
site=cdn.office.net,rank=110,r_time=0.021710550107461122,r_time_eq2=0.0000014205478462172929,case=0,label=fg,r_bg=0.2164875098451698,r_np=1.1571678044064428
site=www.facebook.com,rank=111,r_time=0.023153079873458028,r_time_eq2=0.00000143214203770208,case=0,label=fg,r_bg=0.2164875098451698,r_np=1.1571678044064428
site=ichnaea.netflix.com,rank=112,r_time=0.024417118901927513,r_time_eq2=0.0000028973738510185556,case=0,label=fg,r_bg=0.2164875098451698,r_np=1.1571678044064428
site=graph.facebook.com,rank=113,r_time=0.025930678728308898,r_time_eq2=0.000002946728582919743,case=0,label=fg,r_bg=0.2164875098451698,r_np=1.1571678044064428
site=pki.goog,rank=114,r_time=0.027867518344711007,r_time_eq2=0.0000015040991780648322,case=0,label=fg,r_bg=0.2164875098451698,r_np=1.1571678044064428
site=smartscreen.microsoft.com,rank=115,r_time=0.03074151671242499,r_time_eq2=0.0000015266015396322863,case=0,label=fg,r_bg=0.2164875098451698,r_np=1.1571678044064428
site=presence.teams.microsoft.com,rank=116,r_time=0.0327496622173362,r_time_eq2=0.0000031102903565051097,case=0,label=fg,r_bg=0.2164875098451698,r_np=1.1571678044064428
site=clients6.google.com,rank=117,r_time=0.034613349433751404,r_time_eq2=0.0000015642604924368497,case=0,label=fg,r_bg=0.2164875098451698,r_np=1.1571678044064428
site=roaming.officeapps.live.com,rank=118,r_time=0.03704073409935437,r_time_eq2=0.000003146703478479327,case=0,label=fg,r_bg=0.2164875098451698,r_np=1.1571678044064428
site=ocsp.pki.goog,rank=119,r_time=0.039867550961766945,r_time_eq2=0.0000015892319062595422,case=0,label=fg,r_bg=0.2164875098451698,r_np=1.1571678044064428
site=ecs.office.com,rank=120,r_time=0.04358346271464214,r_time_eq2=0.000001611411916282296,case=0,label=fg,r_bg=0.2164875098451698,r_np=1.1571678044064428
site=business.bing.com,rank=121,r_time=0.047555022197841024,r_time_eq2=0.0000032437083740851226,case=0,label=fg,r_bg=0.2164875098451698,r_np=1.1571678044064428
site=weather-data.apple.com,rank=122,r_time=0.051943193097550217,r_time_eq2=0.0000032658724237576586,case=0,label=fg,r_bg=0.2164875098451698,r_np=1.1571678044064428
site=windows.com,rank=123,r_time=0.05687968562738899,r_time_eq2=0.0000016471976743892998,case=0,label=fg,r_bg=0.2164875098451698,r_np=1.1571678044064428
site=amazon.com,rank=124,r_time=0.06520398610664437,r_time_eq2=0.0000016625911116832558,case=0,label=fg,r_bg=0.2164875098451698,r_np=1.1571678044064428
site=apis.google.com,rank=125,r_time=0.07585489147005106,r_time_eq2=0.0000016743272781890038,case=0,label=fg,r_bg=0.2164875098451698,r_np=1.1571678044064428
site=outlook.com,rank=126,r_time=0.192101460308143,r_time_eq2=0.00004255133327634361,case=0,label=fg,r_bg=0.2164875098451698,r_np=1.1571678044064428
site=msedge.net,rank=127,r_time=0.16452684767379244,r_time_eq2=0.00004414427839739313,case=0,label=fg,r_bg=0.2164875098451698,r_np=1.1571678044064428
site=cloudflare.com,rank=128,r_time=0.1595546582396101,r_time_eq2=0.00003477899135849477,case=0,label=fg,r_bg=0.2164875098451698,r_np=1.1571678044064428
site=measure.office.com,rank=129,r_time=0.21216587836215892,r_time_eq2=0.000032444321696318465,case=0,label=fg,r_bg=0.2164875098451698,r_np=1.1571678044064428
site=mobile.events.data.microsoft.com,rank=130,r_time=0.229228579250538,r_time_eq2=0.000025458905230293528,case=0,label=fg,r_bg=0.2164875098451698,r_np=1.1571678044064428
site=fp.measure.office.com,rank=131,r_time=0.2619449580598326,r_time_eq2=0.00005214577936863649,case=0,label=fg,r_bg=0.2164875098451698,r_np=1.1571678044064428
site=configuration.ls.apple.com,rank=132,r_time=0.4031166145896056,r_time_eq2=0.00006759499381963026,case=0,label=fg,r_bg=0.2164875098451698,r_np=1.1571678044064428
site=gsp-ssl.ls.apple.com,rank=133,r_time=0.6429637777496658,r_time_eq2=0,case=0,label=fg,r_bg=0.2164875098451698,r_np=1.1571678044064428
site=api.msn.com,rank=134,r_time=0.4144461891573854,r_time_eq2=0.00007536933513507848,case=0,label=fg,r_bg=0.2164875098451698,r_np=1.1571678044064428
site=core.windows.net,rank=135,r_time=0.1895826440508118,r_time_eq2=0.00007643217323835892,case=0,label=fg,r_bg=0.2164875098451698,r_np=1.1571678044064428
site=fbcdn.net,rank=136,r_time=0.1709097017538299,r_time_eq2=0.000024968174041069485,case=0,label=fg,r_bg=0.2164875098451698,r_np=1.1571678044064428
site=assets.msn.com,rank=137,r_time=0.21317446734053414,r_time_eq2=0.000037891663192415054,case=0,label=fg,r_bg=0.2164875098451698,r_np=1.1571678044064428
site=ess.apple.com,rank=138,r_time=0.13371137927249485,r_time_eq2=0.00003662865401736183,case=0,label=fg,r_bg=0.2164875098451698,r_np=1.1571678044064428
site=iphone-ld.apple.com,rank=139,r_time=0.4831965058489874,r_time_eq2=0.000041471419506365006,case=0,label=fg,r_bg=0.2164875098451698,r_np=1.1571678044064428
site=tpc.googlesyndication.com,rank=140,r_time=0.4407075951431772,r_time_eq2=0.00003868622919893475,case=0,label=fg,r_bg=0.2164875098451698,r_np=1.1571678044064428
site=blob.core.windows.net,rank=141,r_time=0.24999120987649046,r_time_eq2=0.00004438527911723319,case=0,label=fg,r_bg=0.2164875098451698,r_np=1.1571678044064428
site=aria.microsoft.com,rank=142,r_time=0.2080704521554317,r_time_eq2=0.00002652520791817972,case=0,label=fg,r_bg=0.2164875098451698,r_np=1.1571678044064428
site=pipe.aria.microsoft.com,rank=143,r_time=0.41666468504828635,r_time_eq2=0.000025945057170211446,case=0,label=fg,r_bg=0.2164875098451698,r_np=1.1571678044064428
site=googleadservices.com,rank=144,r_time=0.41557202931211934,r_time_eq2=0.0000321615906639276,case=0,label=fg,r_bg=0.2164875098451698,r_np=1.1571678044064428
site=ocsp2.apple.com,rank=145,r_time=0.253580476057594,r_time_eq2=0.00003593762447225646,case=0,label=fg,r_bg=0.2164875098451698,r_np=1.1571678044064428
site=gvt2.com,rank=146,r_time=0.15878888184708798,r_time_eq2=0.000028082008944764715,case=0,label=fg,r_bg=0.2164875098451698,r_np=1.1571678044064428
site=upload.fp.measure.office.com,rank=147,r_time=0.3891571754139553,r_time_eq2=0.00004014936919398005,case=0,label=fg,r_bg=0.2164875098451698,r_np=1.1571678044064428
site=storage.live.com,rank=148,r_time=0.24181323489530043,r_time_eq2=0.000059989778394112056,case=0,label=fg,r_bg=0.2164875098451698,r_np=1.1571678044064428
site=mesu.apple.com,rank=149,r_time=0.25466997161717336,r_time_eq2=0.00002868289176645632,case=0,label=fg,r_bg=0.2164875098451698,r_np=1.1571678044064428
site=googlevideo.com,rank=150,r_time=0.11699036749133479,r_time_eq2=0.00003396509539150309,case=0,label=fg,r_bg=0.2164875098451698,r_np=1.1571678044064428
site=clients2.google.com,rank=151,r_time=0.2941480562684011,r_time_eq2=0.000014473858493880118,case=0,label=fg,r_bg=0.2164875098451698,r_np=1.1571678044064428
site=itunes-apple.com.akadns.net,rank=152,r_time=0.1363775666397693,r_time_eq2=0,case=0,label=fg,r_bg=0.2164875098451698,r_np=1.1571678044064428
site=docs.google.com,rank=153,r_time=0.24628555650462575,r_time_eq2=0.00007159474572388789,case=0,label=fg,r_bg=0.2164875098451698,r_np=1.1571678044064428
site=delivery.mp.microsoft.com,rank=154,r_time=0.23674603355863377,r_time_eq2=0.00003579606541174886,case=0,label=fg,r_bg=0.2164875098451698,r_np=1.1571678044064428
site=scorecardresearch.com,rank=155,r_time=0.10292933062906709,r_time_eq2=0.00005462687703067151,case=0,label=fg,r_bg=0.2164875098451698,r_np=1.1571678044064428
site=instagram.com,rank=156,r_time=0.12955541406291501,r_time_eq2=0.00004532370707048807,case=0,label=fg,r_bg=0.2164875098451698,r_np=1.1571678044064428
site=sb.scorecardresearch.com,rank=157,r_time=0.15609619935309366,r_time_eq2=0.00003357616369436238,case=0,label=fg,r_bg=0.2164875098451698,r_np=1.1571678044064428
site=facebook.net,rank=158,r_time=0.1272650906064365,r_time_eq2=0.000018315333309155765,case=0,label=fg,r_bg=0.2164875098451698,r_np=1.1571678044064428
site=connect.facebook.net,rank=159,r_time=0.1457268609028379,r_time_eq2=0.000018315695420057856,case=0,label=fg,r_bg=0.2164875098451698,r_np=1.1571678044064428
site=smoot.apple.com,rank=160,r_time=0.20053674648595537,r_time_eq2=0,case=0,label=fg,r_bg=0.2164875098451698,r_np=1.1571678044064428
site=ad.doubleclick.net,rank=161,r_time=0.3686899318695297,r_time_eq2=0.0000321130487641816,case=0,label=fg,r_bg=0.2164875098451698,r_np=1.1571678044064428
site=dns.opendns.com,rank=162,r_time=0.6565970353663309,r_time_eq2=0.00007132664842569804,case=0,label=fg,r_bg=0.2164875098451698,r_np=1.1571678044064428
site=umbrella.com,rank=163,r_time=0.1707849503759989,r_time_eq2=0.00008278142474378441,case=0,label=fg,r_bg=0.2164875098451698,r_np=1.1571678044064428
site=activity.windows.com,rank=164,r_time=0.1570481255297035,r_time_eq2=0.00004031284118936986,case=0,label=fg,r_bg=0.2164875098451698,r_np=1.1571678044064428
site=gcp.gvt2.com,rank=165,r_time=0.14662845581983586,r_time_eq2=0.000033014159237776705,case=0,label=fg,r_bg=0.2164875098451698,r_np=1.1571678044064428
site=browser.pipe.aria.microsoft.com,rank=166,r_time=0.20010675071452266,r_time_eq2=0.00002344333466165262,case=0,label=fg,r_bg=0.2164875098451698,r_np=1.1571678044064428
site=apple.com.akadns.net,rank=167,r_time=0.12140818939063056,r_time_eq2=0.00003047295034500918,case=0,label=fg,r_bg=0.2164875098451698,r_np=1.1571678044064428
site=dns.umbrella.com,rank=168,r_time=0.25043243617407807,r_time_eq2=0.00003614938143227376,case=0,label=fg,r_bg=0.2164875098451698,r_np=1.1571678044064428
site=xp.apple.com,rank=169,r_time=0.22950473191730003,r_time_eq2=0.00008100114300216772,case=0,label=fg,r_bg=0.2164875098451698,r_np=1.1571678044064428
site=beacons.gcp.gvt2.com,rank=170,r_time=0.13527735147043507,r_time_eq2=0.000036675725760304675,case=0,label=fg,r_bg=0.2164875098451698,r_np=1.1571678044064428
site=edge-mqtt.facebook.com,rank=171,r_time=0.24113146868778146,r_time_eq2=0.000034097120108510935,case=0,label=fg,r_bg=0.2164875098451698,r_np=1.1571678044064428
site=www.googleadservices.com,rank=172,r_time=0.2833917139773045,r_time_eq2=0.000015978274962706743,case=0,label=fg,r_bg=0.2164875098451698,r_np=1.1571678044064428
site=azure.com,rank=173,r_time=0.18059649297934277,r_time_eq2=0,case=0,label=fg,r_bg=0.2164875098451698,r_np=1.1571678044064428
site=signaler-pa.clients6.google.com,rank=174,r_time=0.251355418105505,r_time_eq2=0.00006726308862374015,case=0,label=fg,r_bg=0.2164875098451698,r_np=1.1571678044064428
site=xx.fbcdn.net,rank=175,r_time=0.08513494973913853,r_time_eq2=0.0000790919927989373,case=0,label=fg,r_bg=0.2164875098451698,r_np=1.1571678044064428
site=lh5.googleusercontent.com,rank=176,r_time=0.3295347523006649,r_time_eq2=0.00006923766606231584,case=0,label=fg,r_bg=0.2164875098451698,r_np=1.1571678044064428
site=res.office365.com,rank=177,r_time=0.1491176795820565,r_time_eq2=0.000034618858219683904,case=0,label=fg,r_bg=0.2164875098451698,r_np=1.1571678044064428
site=adnxs.com,rank=178,r_time=0.3423038114021345,r_time_eq2=0.00003389257205672344,case=0,label=fg,r_bg=0.2164875098451698,r_np=1.1571678044064428
site=v20.events.data.microsoft.com,rank=179,r_time=0.21752969491438942,r_time_eq2=0.00003562777321324143,case=0,label=fg,r_bg=0.2164875098451698,r_np=1.1571678044064428
site=web.facebook.com,rank=180,r_time=0.23429892073299416,r_time_eq2=0.00002954647181411199,case=0,label=fg,r_bg=0.2164875098451698,r_np=1.1571678044064428
site=safebrowsing.apple,rank=181,r_time=0.6758192393037906,r_time_eq2=0.00003193766850394038,case=0,label=fg,r_bg=0.2164875098451698,r_np=1.1571678044064428
site=c10r.facebook.com,rank=182,r_time=0.24299871751380353,r_time_eq2=0.00002606543303862623,case=0,label=fg,r_bg=0.2164875098451698,r_np=1.1571678044064428
site=update.microsoft.com,rank=183,r_time=0.26100211781392596,r_time_eq2=0.000030356394224765898,case=0,label=fg,r_bg=0.2164875098451698,r_np=1.1571678044064428
site=delve.office.com,rank=184,r_time=0.185565931635175,r_time_eq2=0.00000849228339192015,case=0,label=fg,r_bg=0.2164875098451698,r_np=1.1571678044064428
site=mail.google.com,rank=185,r_time=0.1396077800857162,r_time_eq2=0,case=0,label=fg,r_bg=0.2164875098451698,r_np=1.1571678044064428
site=loki.delve.office.com,rank=186,r_time=0.3514221834075186,r_time_eq2=0.000020853759692662658,case=0,label=fg,r_bg=0.2164875098451698,r_np=1.1571678044064428
site=gs-loc.apple.com,rank=187,r_time=0.22788346415010105,r_time_eq2=0.000032996729470257054,case=0,label=fg,r_bg=0.2164875098451698,r_np=1.1571678044064428
site=trouter.teams.microsoft.com,rank=188,r_time=0.20728940498110718,r_time_eq2=0,case=0,label=fg,r_bg=0.2164875098451698,r_np=1.1571678044064428
site=flightproxy.teams.microsoft.com,rank=189,r_time=0.14185493908435984,r_time_eq2=0.00005716406727780999,case=0,label=fg,r_bg=0.2164875098451698,r_np=1.1571678044064428
site=ogs.google.com,rank=190,r_time=0.2566073890428587,r_time_eq2=0.0000242747988472968,case=0,label=fg,r_bg=0.2164875098451698,r_np=1.1571678044064428
site=amazon-adsystem.com,rank=191,r_time=0.1991627189907623,r_time_eq2=0.000021584759838037283,case=0,label=fg,r_bg=0.2164875098451698,r_np=1.1571678044064428
site=demdex.net,rank=192,r_time=0.13647969050651632,r_time_eq2=0.000060297242058600454,case=0,label=fg,r_bg=0.2164875098451698,r_np=1.1571678044064428
site=ggpht.com,rank=193,r_time=0.14380461793757865,r_time_eq2=0.00004084632019199581,case=0,label=fg,r_bg=0.2164875098451698,r_np=1.1571678044064428
site=init.push.apple.com,rank=194,r_time=0.20820138043000966,r_time_eq2=0.00003368025120475412,case=0,label=fg,r_bg=0.2164875098451698,r_np=1.1571678044064428
site=officeclient.microsoft.com,rank=195,r_time=0.08788423886492382,r_time_eq2=0.00003631742649534664,case=0,label=fg,r_bg=0.2164875098451698,r_np=1.1571678044064428
site=googletagservices.com,rank=196,r_time=0.09617959014755884,r_time_eq2=0.000045604816368752444,case=0,label=fg,r_bg=0.2164875098451698,r_np=1.1571678044064428
site=www.googletagservices.com,rank=197,r_time=0.14244764912132038,r_time_eq2=0,case=0,label=fg,r_bg=0.2164875098451698,r_np=1.1571678044064428
site=arc.msn.com,rank=198,r_time=0.12410287957616965,r_time_eq2=0.000026868006624312692,case=0,label=fg,r_bg=0.2164875098451698,r_np=1.1571678044064428
site=r4.res.office365.com,rank=199,r_time=0.1970166442767185,r_time_eq2=0.00007042746749164194,case=0,label=fg,r_bg=0.2164875098451698,r_np=1.1571678044064428
site=ls-apple.com.akadns.net,rank=200,r_time=0.1812701469446107,r_time_eq2=0.00004401984783869945,case=0,label=fg,r_bg=0.2164875098451698,r_np=1.1571678044064428
site=clients3.google.com,rank=201,r_time=0.25917569529947593,r_time_eq2=0.00011706855664997302,case=0,label=fg,r_bg=0.2164875098451698,r_np=1.1571678044064428
site=securepubads.g.doubleclick.net,rank=202,r_time=0.3636392956169285,r_time_eq2=0,case=0,label=fg,r_bg=0.2164875098451698,r_np=1.1571678044064428
site=msftconnecttest.com,rank=203,r_time=0.3343467995090425,r_time_eq2=0.00007195282332073668,case=0,label=fg,r_bg=0.2164875098451698,r_np=1.1571678044064428
site=manage.microsoft.com,rank=204,r_time=0.24502369668280616,r_time_eq2=0.00008638552896847999,case=0,label=fg,r_bg=0.2164875098451698,r_np=1.1571678044064428
site=cc.skype.com,rank=205,r_time=0.23344201210755106,r_time_eq2=0.00010231229164743756,case=0,label=fg,r_bg=0.2164875098451698,r_np=1.1571678044064428
site=measure.office.net,rank=206,r_time=0.2404319582833673,r_time_eq2=0.000056554707526935613,case=0,label=fg,r_bg=0.2164875098451698,r_np=1.1571678044064428
site=nel.measure.office.net,rank=207,r_time=0.2541828918569033,r_time_eq2=0.000029625250734586415,case=0,label=fg,r_bg=0.2164875098451698,r_np=1.1571678044064428
site=guzzoni.apple.com,rank=208,r_time=0.5091516015448614,r_time_eq2=0.00007748336730860138,case=0,label=fg,r_bg=0.2164875098451698,r_np=1.1571678044064428
site=yt3.ggpht.com,rank=209,r_time=0.22282361688344876,r_time_eq2=0.00004620639882130977,case=0,label=fg,r_bg=0.2164875098451698,r_np=1.1571678044064428
site=clients.google.com,rank=210,r_time=0.36905324880670143,r_time_eq2=0,case=0,label=fg,r_bg=0.2164875098451698,r_np=1.1571678044064428
site=android.clients.google.com,rank=211,r_time=0.35136036771444634,r_time_eq2=0.00008418916343725665,case=0,label=fg,r_bg=0.2164875098451698,r_np=1.1571678044064428
site=api.flightproxy.teams.microsoft.com,rank=212,r_time=0.35909273379951995,r_time_eq2=0.0001614075278149901,case=0,label=fg,r_bg=0.2164875098451698,r_np=1.1571678044064428
site=addons-pa.clients6.google.com,rank=213,r_time=0.3410960678771476,r_time_eq2=0.00004667228314042204,case=0,label=fg,r_bg=0.2164875098451698,r_np=1.1571678044064428
site=l.google.com,rank=214,r_time=0.39100267853032533,r_time_eq2=0,case=0,label=fg,r_bg=0.2164875098451698,r_np=1.1571678044064428
site=origin-apple.com.akadns.net,rank=215,r_time=0.2606229118538408,r_time_eq2=0.00008478890440612531,case=0,label=fg,r_bg=0.2164875098451698,r_np=1.1571678044064428
site=whatsapp.net,rank=216,r_time=0.337500000004531,r_time_eq2=0.00005398112488867898,case=0,label=fg,r_bg=0.2164875098451698,r_np=1.1571678044064428
site=www.msftconnecttest.com,rank=217,r_time=0.3597902928209494,r_time_eq2=0.00007571744820801512,case=0,label=fg,r_bg=0.2164875098451698,r_np=1.1571678044064428
site=safebrowsing.google.com,rank=218,r_time=0.34016600505496575,r_time_eq2=0.00008061587415105884,case=0,label=fg,r_bg=0.2164875098451698,r_np=1.1571678044064428
site=dpm.demdex.net,rank=219,r_time=0.3354440013599756,r_time_eq2=0.00006638345317214038,case=0,label=fg,r_bg=0.2164875098451698,r_np=1.1571678044064428
site=data-edge.smartscreen.microsoft.com,rank=220,r_time=0.33747586119193956,r_time_eq2=0.00012038760138032711,case=0,label=fg,r_bg=0.2164875098451698,r_np=1.1571678044064428
site=enterprise.activity.windows.com,rank=221,r_time=0.31504601136393645,r_time_eq2=0.00006115087987479583,case=0,label=fg,r_bg=0.2164875098451698,r_np=1.1571678044064428
site=cdnjs.cloudflare.com,rank=222,r_time=0.41877288831489073,r_time_eq2=0,case=0,label=fg,r_bg=0.2164875098451698,r_np=1.1571678044064428
site=amazontrust.com,rank=223,r_time=0.2791305696365423,r_time_eq2=0.00014360588941514588,case=0,label=fg,r_bg=0.2164875098451698,r_np=1.1571678044064428
site=rubiconproject.com,rank=224,r_time=0.2598884788244445,r_time_eq2=0,case=0,label=fg,r_bg=0.2164875098451698,r_np=1.1571678044064428
site=fe3cr.delivery.mp.microsoft.com,rank=225,r_time=0.47669454858185306,r_time_eq2=0.00006760413321491416,case=0,label=fg,r_bg=0.2164875098451698,r_np=1.1571678044064428
site=us-v20.events.data.microsoft.com,rank=226,r_time=0.3290978399302248,r_time_eq2=0.00006811053557299651,case=0,label=fg,r_bg=0.2164875098451698,r_np=1.1571678044064428
site=cm.g.doubleclick.net,rank=227,r_time=0.34651646446224943,r_time_eq2=0,case=0,label=fg,r_bg=0.2164875098451698,r_np=1.1571678044064428
site=jnn-pa.googleapis.com,rank=228,r_time=0.16875925118339893,r_time_eq2=0.00006432525013322985,case=0,label=fg,r_bg=0.2164875098451698,r_np=1.1571678044064428
site=mask.icloud.com,rank=229,r_time=0.37633085113204223,r_time_eq2=0.00007762772384339487,case=0,label=fg,r_bg=0.2164875098451698,r_np=1.1571678044064428
site=ib.adnxs.com,rank=230,r_time=0.3302667433118563,r_time_eq2=0.00012404634509124936,case=0,label=fg,r_bg=0.2164875098451698,r_np=1.1571678044064428
site=youtubei.googleapis.com,rank=231,r_time=0.5183123700275774,r_time_eq2=0.00004336138837003681,case=0,label=fg,r_bg=0.2164875098451698,r_np=1.1571678044064428
site=adsrvr.org,rank=232,r_time=0.341908951793818,r_time_eq2=0.00011977486388413402,case=0,label=fg,r_bg=0.2164875098451698,r_np=1.1571678044064428
site=star.c10r.facebook.com,rank=233,r_time=0.33158119430284755,r_time_eq2=0.00006923292291685812,case=0,label=fg,r_bg=0.2164875098451698,r_np=1.1571678044064428
site=twitter.com,rank=234,r_time=0.19032756439480591,r_time_eq2=0.00004788814953244702,case=0,label=fg,r_bg=0.2164875098451698,r_np=1.1571678044064428
site=linkedin.com,rank=235,r_time=0.3560165619234239,r_time_eq2=0.00006719077729614269,case=0,label=fg,r_bg=0.2164875098451698,r_np=1.1571678044064428
site=gsp85-ssl.ls.apple.com,rank=236,r_time=0.3538421673931151,r_time_eq2=0.0000732654654922275,case=0,label=fg,r_bg=0.2164875098451698,r_np=1.1571678044064428
site=pubmatic.com,rank=237,r_time=0.20977094531357207,r_time_eq2=0.00006529974784962211,case=0,label=fg,r_bg=0.2164875098451698,r_np=1.1571678044064428
site=beacons.gvt2.com,rank=238,r_time=0.3463942772427504,r_time_eq2=0.00008322239834783581,case=0,label=fg,r_bg=0.2164875098451698,r_np=1.1571678044064428
site=nr-data.net,rank=239,r_time=0.45137577420245495,r_time_eq2=0,case=0,label=fg,r_bg=0.2164875098451698,r_np=1.1571678044064428
site=android.googleapis.com,rank=240,r_time=0.22841517337177195,r_time_eq2=0.0000642838993662018,case=0,label=fg,r_bg=0.2164875098451698,r_np=1.1571678044064428
site=ntp.org,rank=241,r_time=0.1696142433137553,r_time_eq2=0.00007690535557438672,case=0,label=fg,r_bg=0.2164875098451698,r_np=1.1571678044064428
site=pool.ntp.org,rank=242,r_time=0.3510798439250312,r_time_eq2=0.00013792156935172237,case=0,label=fg,r_bg=0.2164875098451698,r_np=1.1571678044064428
site=gateway.facebook.com,rank=243,r_time=0.33921981168056975,r_time_eq2=0.00007209807776247067,case=0,label=fg,r_bg=0.2164875098451698,r_np=1.1571678044064428
site=browser.events.data.microsoft.com,rank=244,r_time=0.35493230174118784,r_time_eq2=0.00004468476422179111,case=0,label=fg,r_bg=0.2164875098451698,r_np=1.1571678044064428
site=analytics.yahoo.com,rank=245,r_time=0.41820295091745646,r_time_eq2=0.00007346450802746558,case=0,label=fg,r_bg=0.2164875098451698,r_np=1.1571678044064428
site=graph.instagram.com,rank=246,r_time=0.48059930849091054,r_time_eq2=0.000046040531240318696,case=0,label=fg,r_bg=0.2164875098451698,r_np=1.1571678044064428
site=sentry.io,rank=247,r_time=0.30461386519654854,r_time_eq2=0.000044648852011755714,case=0,label=fg,r_bg=0.2164875098451698,r_np=1.1571678044064428
site=casalemedia.com,rank=248,r_time=0.22227345697513584,r_time_eq2=0.00004464685858367484,case=0,label=fg,r_bg=0.2164875098451698,r_np=1.1571678044064428
site=gvt1.com,rank=249,r_time=0.2864733906261114,r_time_eq2=0.0001442585600991098,case=0,label=fg,r_bg=0.2164875098451698,r_np=1.1571678044064428
site=smartscreen-prod.microsoft.com,rank=250,r_time=0.36827890231229404,r_time_eq2=0.00006173222659284496,case=0,label=fg,r_bg=0.2164875098451698,r_np=1.1571678044064428
site=odc.officeapps.live.com,rank=251,r_time=0.23463786366770129,r_time_eq2=0.0002374733646571683,case=0,label=fg,r_bg=0.2164875098451698,r_np=1.1571678044064428
site=play-fe.googleapis.com,rank=252,r_time=0.2790757381466487,r_time_eq2=0.00006167131289007943,case=0,label=fg,r_bg=0.2164875098451698,r_np=1.1571678044064428
site=id.google.com,rank=253,r_time=0.23423538695324428,r_time_eq2=0.00005354467437098609,case=0,label=fg,r_bg=0.2164875098451698,r_np=1.1571678044064428
site=proxy.safebrowsing.apple,rank=254,r_time=0.5289349795740532,r_time_eq2=0.00008138674072525538,case=0,label=fg,r_bg=0.2164875098451698,r_np=1.1571678044064428
site=weather.microsoft.com,rank=255,r_time=0.3804454357844658,r_time_eq2=0,case=0,label=fg,r_bg=0.2164875098451698,r_np=1.1571678044064428
site=msg.teams.microsoft.com,rank=256,r_time=0.2094338846521403,r_time_eq2=0,case=0,label=fg,r_bg=0.2164875098451698,r_np=1.1571678044064428
site=ng.msg.teams.microsoft.com,rank=257,r_time=0.37599919731949033,r_time_eq2=0.0000535044881402351,case=0,label=fg,r_bg=0.2164875098451698,r_np=1.1571678044064428
site=rlcdn.com,rank=258,r_time=0.6890950744479142,r_time_eq2=0.00006172079611187626,case=0,label=fg,r_bg=0.2164875098451698,r_np=1.1571678044064428
site=c.bing.com,rank=259,r_time=0.48001214143961013,r_time_eq2=0,case=0,label=fg,r_bg=0.2164875098451698,r_np=1.1571678044064428
site=teams.cdn.office.net,rank=260,r_time=0.2707494685069777,r_time_eq2=0,case=0,label=fg,r_bg=0.2164875098451698,r_np=1.1571678044064428
site=statics.teams.cdn.office.net,rank=261,r_time=0.26351093994788505,r_time_eq2=0.00005564522500440162,case=0,label=fg,r_bg=0.2164875098451698,r_np=1.1571678044064428
site=cloudapp.azure.com,rank=262,r_time=0.37487954812340085,r_time_eq2=0.00007615568795662029,case=0,label=fg,r_bg=0.2164875098451698,r_np=1.1571678044064428
site=www.microsoft.com,rank=263,r_time=0.38306015719894365,r_time_eq2=0.00006750829261637032,case=0,label=fg,r_bg=0.2164875098451698,r_np=1.1571678044064428
site=api-noam.flightproxy.teams.microsoft.com,rank=264,r_time=0.22033388480122335,r_time_eq2=0.00010171908642023763,case=0,label=fg,r_bg=0.2164875098451698,r_np=1.1571678044064428
site=asyncgw.teams.microsoft.com,rank=265,r_time=0.2920821403844629,r_time_eq2=0.00006454113454114151,case=0,label=fg,r_bg=0.2164875098451698,r_np=1.1571678044064428
site=ocsp2-lb.apple.com.akadns.net,rank=266,r_time=0.2937937544125892,r_time_eq2=0,case=0,label=fg,r_bg=0.2164875098451698,r_np=1.1571678044064428
site=mzstatic.com,rank=267,r_time=0.24263542689013656,r_time_eq2=0,case=0,label=fg,r_bg=0.2164875098451698,r_np=1.1571678044064428
site=criteo.com,rank=268,r_time=0.49442818547225564,r_time_eq2=0.00002485889783800501,case=0,label=fg,r_bg=0.2164875098451698,r_np=1.1571678044064428
site=v.aaplimg.com,rank=269,r_time=0.6126685310175405,r_time_eq2=0.00005385031440635305,case=0,label=fg,r_bg=0.2164875098451698,r_np=1.1571678044064428
site=ade.googlesyndication.com,rank=270,r_time=0.41111111110600734,r_time_eq2=0.00004413453696379491,case=0,label=fg,r_bg=0.2164875098451698,r_np=1.1571678044064428
site=noam.cc.skype.com,rank=271,r_time=0.3826682720178471,r_time_eq2=0.00004866181696123199,case=0,label=fg,r_bg=0.2164875098451698,r_np=1.1571678044064428
site=th.bing.com,rank=272,r_time=0.45226434488945516,r_time_eq2=0,case=0,label=fg,r_bg=0.2164875098451698,r_np=1.1571678044064428
site=snapchat.com,rank=273,r_time=0.2872753267993465,r_time_eq2=0.00006369419638870759,case=0,label=fg,r_bg=0.2164875098451698,r_np=1.1571678044064428
site=trafficmanager.net,rank=274,r_time=0.3599924227966989,r_time_eq2=0,case=0,label=fg,r_bg=0.2164875098451698,r_np=1.1571678044064428
site=fastly.net,rank=275,r_time=0.15025157906246667,r_time_eq2=0.000043003368820315246,case=0,label=fg,r_bg=0.2164875098451698,r_np=1.1571678044064428
site=www.apple.com,rank=276,r_time=0.1866797456311682,r_time_eq2=0.00003475959829339733,case=0,label=fg,r_bg=0.2164875098451698,r_np=1.1571678044064428
site=static.doubleclick.net,rank=277,r_time=0.384532995243516,r_time_eq2=0.000021665193546739945,case=0,label=fg,r_bg=0.2164875098451698,r_np=1.1571678044064428
site=metrics.icloud.com,rank=278,r_time=0.3269321844769286,r_time_eq2=0.00007279612277495222,case=0,label=fg,r_bg=0.2164875098451698,r_np=1.1571678044064428
site=sfx.ms,rank=279,r_time=0.19188007765438564,r_time_eq2=0,case=0,label=fg,r_bg=0.2164875098451698,r_np=1.1571678044064428
site=oneclient.sfx.ms,rank=280,r_time=0.1558523173538272,r_time_eq2=0.00009330102058335472,case=0,label=fg,r_bg=0.2164875098451698,r_np=1.1571678044064428
site=azureedge.net,rank=281,r_time=0.2978325902341316,r_time_eq2=0,case=0,label=fg,r_bg=0.2164875098451698,r_np=1.1571678044064428
site=play.itunes.apple.com,rank=282,r_time=0.250936193432113,r_time_eq2=0.00003092433863812878,case=0,label=fg,r_bg=0.2164875098451698,r_np=1.1571678044064428
site=lh3.google.com,rank=283,r_time=0.5571350640289302,r_time_eq2=0.000056918455149118915,case=0,label=fg,r_bg=0.2164875098451698,r_np=1.1571678044064428
site=2mdn.net,rank=284,r_time=0.21917287790443318,r_time_eq2=0,case=0,label=fg,r_bg=0.2164875098451698,r_np=1.1571678044064428
site=asm.skype.com,rank=285,r_time=0.20571231670492174,r_time_eq2=0.00012420812457368907,case=0,label=fg,r_bg=0.2164875098451698,r_np=1.1571678044064428
site=cdn-apple.com,rank=286,r_time=0.5077673284507993,r_time_eq2=0.000043792438735031564,case=0,label=fg,r_bg=0.2164875098451698,r_np=1.1571678044064428
site=i.instagram.com,rank=287,r_time=0.07118169904220933,r_time_eq2=0,case=0,label=fg,r_bg=0.2164875098451698,r_np=1.1571678044064428
site=firebaselogging-pa.googleapis.com,rank=288,r_time=0.19375401756434749,r_time_eq2=0,case=0,label=fg,r_bg=0.2164875098451698,r_np=1.1571678044064428
site=msftncsi.com,rank=289,r_time=0.4311219695587842,r_time_eq2=0.00006391412183228575,case=0,label=fg,r_bg=0.2164875098451698,r_np=1.1571678044064428
site=init-cdn.itunes-apple.com.akadns.net,rank=290,r_time=0.29208403511222086,r_time_eq2=0.00013178707831071673,case=0,label=fg,r_bg=0.2164875098451698,r_np=1.1571678044064428
site=bidswitch.net,rank=291,r_time=0.27451292788804693,r_time_eq2=0.00006656905539910617,case=0,label=fg,r_bg=0.2164875098451698,r_np=1.1571678044064428
site=tile-service.weather.microsoft.com,rank=292,r_time=0.3550701699077584,r_time_eq2=0.00006656009606800442,case=0,label=fg,r_bg=0.2164875098451698,r_np=1.1571678044064428
site=wd.microsoft.com,rank=293,r_time=0.440936637366979,r_time_eq2=0.00005225754338380905,case=0,label=fg,r_bg=0.2164875098451698,r_np=1.1571678044064428
site=bam.nr-data.net,rank=294,r_time=0.23617188183371793,r_time_eq2=0.00005225208225296217,case=0,label=fg,r_bg=0.2164875098451698,r_np=1.1571678044064428
site=3lift.com,rank=295,r_time=0.2714328537212678,r_time_eq2=0,case=0,label=fg,r_bg=0.2164875098451698,r_np=1.1571678044064428
site=cp.wd.microsoft.com,rank=296,r_time=0.4109792775169362,r_time_eq2=0.00006498150303261264,case=0,label=fg,r_bg=0.2164875098451698,r_np=1.1571678044064428
site=nrdp52-appboot.netflix.com,rank=297,r_time=0.35027996948603574,r_time_eq2=0.00006212725833850494,case=0,label=fg,r_bg=0.2164875098451698,r_np=1.1571678044064428
site=protection.outlook.com,rank=298,r_time=0.25688272276801555,r_time_eq2=0.000032784746144348763,case=0,label=fg,r_bg=0.2164875098451698,r_np=1.1571678044064428
site=go.microsoft.com,rank=299,r_time=0.4019540790995417,r_time_eq2=0,case=0,label=fg,r_bg=0.2164875098451698,r_np=1.1571678044064428
site=dscw154.akamai.net,rank=300,r_time=0.41997638667430637,r_time_eq2=0.000059640980910266626,case=0,label=fg,r_bg=0.2164875098451698,r_np=1.1571678044064428
